date,ward,revenue_stream,collector_id,expected_revenue,actual_revenue,transactions,revenue_gap,deviation_pct,is_round_number,average_transaction
2025-01-01,Ward 1,Beer Hall Levies,COL-004,12812.2,12315.3,290,-496.9,-3.88,False,42.47
2025-01-01,Ward 1,Business Licenses,COL-003,42593.75,43296.46,284,702.71,1.65,False,152.45
2025-01-01,Ward 1,Market Fees,COL-002,15138.0,16050.62,1376,912.62,6.03,False,11.66
2025-01-01,Ward 1,Property Rates,COL-001,77952.0,74477.48,882,-3474.52,-4.46,False,84.44
2025-01-01,Ward 2,Beer Hall Levies,COL-008,9719.6,9610.77,194,-108.83,-1.12,False,49.54
2025-01-01,Ward 2,Business Licenses,COL-007,32312.5,30695.27,198,-1617.23,-5.0,False,155.03
2025-01-01,Ward 2,Market Fees,COL-006,11484.0,11680.11,993,196.11,1.71,False,11.76
2025-01-01,Ward 2,Property Rates,COL-005,59136.0,58644.01,661,-491.99,-0.83,False,88.72
2025-01-01,Ward 3,Beer Hall Levies,COL-012,7510.6,6800.06,160,-710.54,-9.46,False,42.5
2025-01-01,Ward 3,Business Licenses,COL-011,24968.75,25435.35,167,466.6,1.87,False,152.31
2025-01-01,Ward 3,Market Fees,COL-010,8874.0,7620.41,803,-1253.59,-14.13,False,9.49
2025-01-01,Ward 3,Property Rates,COL-009,45696.0,43003.86,546,-2692.14,-5.89,False,78.76
2025-01-01,Ward 4,Beer Hall Levies,COL-016,10603.2,10255.73,243,-347.47,-3.28,False,42.2
2025-01-01,Ward 4,Business Licenses,COL-015,35250.0,32610.0,244,-2640.0,-7.49,False,133.65
2025-01-01,Ward 4,Market Fees,COL-014,12528.0,12311.2,1006,-216.8,-1.73,False,12.24
2025-01-01,Ward 4,Property Rates,COL-013,64512.0,66876.28,772,2364.28,3.66,False,86.63
2025-01-01,Ward 5,Beer Hall Levies,COL-020,6185.2,5169.6,127,-1015.6,-16.42,False,40.71
2025-01-01,Ward 5,Business Licenses,COL-019,20562.5,18836.91,130,-1725.59,-8.39,False,144.9
2025-01-01,Ward 5,Market Fees,COL-018,7308.0,5889.26,662,-1418.74,-19.41,False,8.9
2025-01-01,Ward 5,Property Rates,COL-017,37632.0,37550.04,450,-81.96,-0.22,False,83.44
2025-01-01,Ward 6,Beer Hall Levies,COL-024,8394.2,7000.0,187,-1394.2,-16.61,True,37.43
2025-01-01,Ward 6,Business Licenses,COL-023,27906.25,27968.37,175,62.12,0.22,False,159.82
2025-01-01,Ward 6,Market Fees,COL-022,9918.0,10379.02,812,461.02,4.65,False,12.78
2025-01-01,Ward 6,Property Rates,COL-021,51072.0,49730.54,622,-1341.46,-2.63,False,79.95
2025-01-01,Ward 7,Beer Hall Levies,COL-028,9277.8,9412.83,224,135.03,1.46,False,42.02
2025-01-01,Ward 7,Business Licenses,COL-027,30843.75,27175.71,201,-3668.04,-11.89,False,135.2
2025-01-01,Ward 7,Market Fees,COL-026,10962.0,11837.77,876,875.77,7.99,False,13.51
2025-01-01,Ward 7,Property Rates,COL-025,56448.0,56243.43,615,-204.57,-0.36,False,91.45
2025-01-01,Ward 8,Beer Hall Levies,COL-032,5301.6,4987.32,128,-314.28,-5.93,False,38.96
2025-01-01,Ward 8,Business Licenses,COL-031,17625.0,16764.12,109,-860.88,-4.88,False,153.8
2025-01-01,Ward 8,Market Fees,COL-030,6264.0,5366.65,627,-897.35,-14.33,False,8.56
2025-01-01,Ward 8,Property Rates,COL-029,32256.0,30600.84,378,-1655.16,-5.13,False,80.95
2025-02-01,Ward 1,Beer Hall Levies,COL-004,9872.48,9887.58,216,15.1,0.15,False,45.78
2025-02-01,Ward 1,Business Licenses,COL-003,25840.45,28980.51,163,3140.06,12.15,False,177.79
2025-02-01,Ward 1,Market Fees,COL-002,16820.93,16204.56,1513,-616.37,-3.66,False,10.71
2025-02-01,Ward 1,Property Rates,COL-001,73481.94,75347.63,864,1865.69,2.54,False,87.21
2025-02-01,Ward 2,Beer Hall Levies,COL-008,7489.47,7207.89,165,-281.58,-3.76,False,43.68
2025-02-01,Ward 2,Business Licenses,COL-007,19603.1,18475.74,125,-1127.36,-5.75,False,147.81
2025-02-01,Ward 2,Market Fees,COL-006,12760.7,12955.81,1097,195.11,1.53,False,11.81
2025-02-01,Ward 2,Property Rates,COL-005,55744.92,53575.39,584,-2169.53,-3.89,False,91.74
2025-02-01,Ward 3,Beer Hall Levies,COL-012,5787.32,5677.25,129,-110.07,-1.9,False,44.01
2025-02-01,Ward 3,Business Licenses,COL-011,15147.85,13483.11,103,-1664.74,-10.99,False,130.9
2025-02-01,Ward 3,Market Fees,COL-010,9860.54,9416.74,873,-443.8,-4.5,False,10.79
2025-02-01,Ward 3,Property Rates,COL-009,43075.62,39588.02,514,-3487.6,-8.1,False,77.02
2025-02-01,Ward 4,Beer Hall Levies,COL-016,8170.33,9429.67,190,1259.34,15.41,False,49.63
2025-02-01,Ward 4,Business Licenses,COL-015,21385.2,20048.32,129,-1336.88,-6.25,False,155.41
2025-02-01,Ward 4,Market Fees,COL-014,13920.77,15696.07,1117,1775.3,12.75,False,14.05
2025-02-01,Ward 4,Property Rates,COL-013,60812.64,65217.2,728,4404.56,7.24,False,89.58
2025-02-01,Ward 5,Beer Hall Levies,COL-020,4766.03,4910.51,106,144.48,3.03,False,46.33
2025-02-01,Ward 5,Business Licenses,COL-019,12474.7,11874.27,76,-600.43,-4.81,False,156.24
2025-02-01,Ward 5,Market Fees,COL-018,8120.45,7385.64,777,-734.81,-9.05,False,9.51
2025-02-01,Ward 5,Property Rates,COL-017,35474.04,34584.53,395,-889.51,-2.51,False,87.56
2025-02-01,Ward 6,Beer Hall Levies,COL-024,6468.18,5500.0,150,-968.18,-14.97,True,36.67
2025-02-01,Ward 6,Business Licenses,COL-023,16929.95,16430.52,113,-499.43,-2.95,False,145.4
2025-02-01,Ward 6,Market Fees,COL-022,11020.61,11148.17,967,127.56,1.16,False,11.53
2025-02-01,Ward 6,Property Rates,COL-021,48143.34,50027.32,546,1883.98,3.91,False,91.63
2025-02-01,Ward 7,Beer Hall Levies,COL-028,7149.04,6283.78,180,-865.26,-12.1,False,34.91
2025-02-01,Ward 7,Business Licenses,COL-027,18712.05,20482.77,117,1770.72,9.46,False,175.07
2025-02-01,Ward 7,Market Fees,COL-026,12180.67,13612.29,966,1431.62,11.75,False,14.09
2025-02-01,Ward 7,Property Rates,COL-025,53211.06,51350.73,624,-1860.33,-3.5,False,82.29
2025-02-01,Ward 8,Beer Hall Levies,COL-032,4085.16,3552.91,98,-532.25,-13.03,False,36.25
2025-02-01,Ward 8,Business Licenses,COL-031,10692.6,8821.87,66,-1870.73,-17.5,False,133.66
2025-02-01,Ward 8,Market Fees,COL-030,6960.38,5707.35,664,-1253.03,-18.0,False,8.6
2025-02-01,Ward 8,Property Rates,COL-029,30406.32,28531.44,347,-1874.88,-6.17,False,82.22
2025-03-01,Ward 1,Beer Hall Levies,COL-004,9379.95,9257.91,206,-122.04,-1.3,False,44.94
2025-03-01,Ward 1,Business Licenses,COL-003,18635.7,17869.25,121,-766.45,-4.11,False,147.68
2025-03-01,Ward 1,Market Fees,COL-002,22761.34,25894.94,1804,3133.6,13.77,False,14.35
2025-03-01,Ward 1,Property Rates,COL-001,70191.79,68057.91,806,-2133.88,-3.04,False,84.44
2025-03-01,Ward 2,Beer Hall Levies,COL-008,7115.83,7426.93,152,311.1,4.37,False,48.86
2025-03-01,Ward 2,Business Licenses,COL-007,14137.42,16507.69,91,2370.27,16.77,False,181.4
2025-03-01,Ward 2,Market Fees,COL-006,17267.23,16943.47,1584,-323.76,-1.87,False,10.7
2025-03-01,Ward 2,Property Rates,COL-005,53248.94,57355.59,605,4106.65,7.71,False,94.8
2025-03-01,Ward 3,Beer Hall Levies,COL-012,5498.59,4927.34,111,-571.25,-10.39,False,44.39
2025-03-01,Ward 3,Business Licenses,COL-011,10924.37,10956.53,75,32.16,0.29,False,146.09
2025-03-01,Ward 3,Market Fees,COL-010,13342.86,13255.43,1111,-87.43,-0.66,False,11.93
2025-03-01,Ward 3,Property Rates,COL-009,41146.91,42378.07,504,1231.16,2.99,False,84.08
2025-03-01,Ward 4,Beer Hall Levies,COL-016,7762.72,7161.06,183,-601.66,-7.75,False,39.13
2025-03-01,Ward 4,Business Licenses,COL-015,15422.64,18383.14,94,2960.5,19.2,False,195.57
2025-03-01,Ward 4,Market Fees,COL-014,18836.97,16519.74,1558,-2317.23,-12.3,False,10.6
2025-03-01,Ward 4,Property Rates,COL-013,58089.75,64758.71,676,6668.96,11.48,False,95.8
2025-03-01,Ward 5,Beer Hall Levies,COL-020,4528.25,4538.26,97,10.01,0.22,False,46.79
2025-03-01,Ward 5,Business Licenses,COL-019,8996.54,7959.47,55,-1037.07,-11.53,False,144.72
2025-03-01,Ward 5,Market Fees,COL-018,10988.23,11499.9,1005,511.67,4.66,False,11.44
2025-03-01,Ward 5,Property Rates,COL-017,33885.69,32264.33,374,-1621.36,-4.78,False,86.27
2025-03-01,Ward 6,Beer Hall Levies,COL-024,6145.49,5500.0,136,-645.49,-10.5,True,40.44
2025-03-01,Ward 6,Business Licenses,COL-023,12209.59,11659.98,80,-549.61,-4.5,False,145.75
2025-03-01,Ward 6,Market Fees,COL-022,14912.6,14275.16,1248,-637.44,-4.27,False,11.44
2025-03-01,Ward 6,Property Rates,COL-021,45987.72,42897.43,474,-3090.29,-6.72,False,90.5
2025-03-01,Ward 7,Beer Hall Levies,COL-028,6792.38,7778.1,166,985.72,14.51,False,46.86
2025-03-01,Ward 7,Business Licenses,COL-027,13494.81,13236.95,86,-257.86,-1.91,False,153.92
2025-03-01,Ward 7,Market Fees,COL-026,16482.35,16513.11,1335,30.76,0.19,False,12.37
2025-03-01,Ward 7,Property Rates,COL-025,50828.53,47500.58,606,-3327.95,-6.55,False,78.38
2025-03-01,Ward 8,Beer Hall Levies,COL-032,3881.36,3920.92,96,39.56,1.02,False,40.84
2025-03-01,Ward 8,Business Licenses,COL-031,7711.32,7352.19,47,-359.13,-4.66,False,156.43
2025-03-01,Ward 8,Market Fees,COL-030,9418.49,8518.02,839,-900.47,-9.56,False,10.15
2025-03-01,Ward 8,Property Rates,COL-029,29044.88,28074.79,346,-970.09,-3.34,False,81.14
2025-04-01,Ward 1,Beer Hall Levies,COL-004,14154.35,13800.37,324,-353.98,-2.5,False,42.59
2025-04-01,Ward 1,Business Licenses,COL-003,14307.83,14201.81,91,-106.02,-0.74,False,156.06
2025-04-01,Ward 1,Market Fees,COL-002,31449.3,36351.82,2679,4902.52,15.59,False,13.57
2025-04-01,Ward 1,Property Rates,COL-001,60672.18,61010.65,716,338.47,0.56,False,85.21
2025-04-01,Ward 2,Beer Hall Levies,COL-008,10737.78,10312.76,246,-425.02,-3.96,False,41.92
2025-04-01,Ward 2,Business Licenses,COL-007,10854.22,10782.01,70,-72.21,-0.67,False,154.03
2025-04-01,Ward 2,Market Fees,COL-006,23858.09,23908.0,2010,49.91,0.21,False,11.89
2025-04-01,Ward 2,Property Rates,COL-005,46027.17,45685.26,507,-341.91,-0.74,False,90.11
2025-04-01,Ward 3,Beer Hall Levies,COL-012,8297.38,8436.05,181,138.67,1.67,False,46.61
2025-04-01,Ward 3,Business Licenses,COL-011,8387.35,6936.62,58,-1450.73,-17.3,False,119.6
2025-04-01,Ward 3,Market Fees,COL-010,18435.79,17235.6,1772,-1200.19,-6.51,False,9.73
2025-04-01,Ward 3,Property Rates,COL-009,35566.45,37391.0,430,1824.55,5.13,False,86.96
2025-04-01,Ward 4,Beer Hall Levies,COL-016,11713.95,10737.23,267,-976.72,-8.34,False,40.21
2025-04-01,Ward 4,Business Licenses,COL-015,11840.96,12054.42,70,213.46,1.8,False,172.21
2025-04-01,Ward 4,Market Fees,COL-014,26027.0,25556.96,2031,-470.04,-1.81,False,12.58
2025-04-01,Ward 4,Property Rates,COL-013,50211.46,55661.48,591,5450.02,10.85,False,94.18
2025-04-01,Ward 5,Beer Hall Levies,COL-020,6833.14,5433.32,153,-1399.82,-20.49,False,35.51
2025-04-01,Ward 5,Business Licenses,COL-019,6907.23,6074.79,43,-832.44,-12.05,False,141.27
2025-04-01,Ward 5,Market Fees,COL-018,15182.42,14904.55,1499,-277.87,-1.83,False,9.94
2025-04-01,Ward 5,Property Rates,COL-017,29290.02,28340.32,346,-949.7,-3.24,False,81.91
2025-04-01,Ward 6,Beer Hall Levies,COL-024,9273.54,9000.0,201,-273.54,-2.95,True,44.78
2025-04-01,Ward 6,Business Licenses,COL-023,9374.1,9069.07,55,-305.03,-3.25,False,164.89
2025-04-01,Ward 6,Market Fees,COL-022,20604.71,22258.92,1712,1654.21,8.03,False,13.0
2025-04-01,Ward 6,Property Rates,COL-021,39750.74,38526.32,449,-1224.42,-3.08,False,85.8
2025-04-01,Ward 7,Beer Hall Levies,COL-028,10249.7,9849.18,275,-400.52,-3.91,False,35.82
2025-04-01,Ward 7,Business Licenses,COL-027,10360.84,10178.53,68,-182.31,-1.76,False,149.68
2025-04-01,Ward 7,Market Fees,COL-026,22773.63,24251.88,1860,1478.25,6.49,False,13.04
2025-04-01,Ward 7,Property Rates,COL-025,43935.03,44548.98,517,613.95,1.4,False,86.17
2025-04-01,Ward 8,Beer Hall Levies,COL-032,5856.97,4717.43,150,-1139.54,-19.46,False,31.45
2025-04-01,Ward 8,Business Licenses,COL-031,5920.48,4878.53,36,-1041.95,-17.6,False,135.51
2025-04-01,Ward 8,Market Fees,COL-030,13013.5,11593.7,1312,-1419.8,-10.91,False,8.84
2025-04-01,Ward 8,Property Rates,COL-029,25105.73,22483.84,278,-2621.89,-10.44,False,80.88
2025-05-01,Ward 1,Beer Hall Levies,COL-004,16472.89,18908.0,359,2435.11,14.78,False,52.67
2025-05-01,Ward 1,Business Licenses,COL-003,12155.05,11515.32,81,-639.73,-5.26,False,142.16
2025-05-01,Ward 1,Market Fees,COL-002,33279.75,30798.2,2898,-2481.55,-7.46,False,10.63
2025-05-01,Ward 1,Property Rates,COL-001,57270.82,56937.07,691,-333.75,-0.58,False,82.4
2025-05-01,Ward 2,Beer Hall Levies,COL-008,12496.67,12784.29,267,287.62,2.3,False,47.88
2025-05-01,Ward 2,Business Licenses,COL-007,9221.07,8313.36,58,-907.71,-9.84,False,143.33
2025-05-01,Ward 2,Market Fees,COL-006,25246.71,26033.36,2233,786.65,3.12,False,11.66
2025-05-01,Ward 2,Property Rates,COL-005,43446.83,45799.62,471,2352.79,5.42,False,97.24
2025-05-01,Ward 3,Beer Hall Levies,COL-012,9656.52,10737.66,197,1081.14,11.2,False,54.51
2025-05-01,Ward 3,Business Licenses,COL-011,7125.37,6900.0,48,-225.37,-3.16,True,143.75
2025-05-01,Ward 3,Market Fees,COL-010,19508.82,18670.93,1643,-837.89,-4.29,False,11.36
2025-05-01,Ward 3,Property Rates,COL-009,33572.55,30006.31,429,-3566.24,-10.62,False,69.94
2025-05-01,Ward 4,Beer Hall Levies,COL-016,13632.74,12126.13,341,-1506.61,-11.05,False,35.56
2025-05-01,Ward 4,Business Licenses,COL-015,10059.35,10184.92,59,125.57,1.25,False,172.63
2025-05-01,Ward 4,Market Fees,COL-014,27541.86,30543.29,2214,3001.43,10.9,False,13.8
2025-05-01,Ward 4,Property Rates,COL-013,47396.54,48653.8,559,1257.26,2.65,False,87.04
2025-05-01,Ward 5,Beer Hall Levies,COL-020,7952.43,7038.93,183,-913.5,-11.49,False,38.46
2025-05-01,Ward 5,Business Licenses,COL-019,5867.96,5311.07,36,-556.89,-9.49,False,147.53
2025-05-01,Ward 5,Market Fees,COL-018,16066.09,16084.88,1493,18.79,0.12,False,10.77
2025-05-01,Ward 5,Property Rates,COL-017,27647.98,25581.74,304,-2066.24,-7.47,False,84.15
2025-05-01,Ward 6,Beer Hall Levies,COL-024,10792.58,9698.47,235,-1094.11,-10.14,False,41.27
2025-05-01,Ward 6,Business Licenses,COL-023,7963.65,7937.78,53,-25.87,-0.32,False,149.77
2025-05-01,Ward 6,Market Fees,COL-022,21803.98,19561.12,1953,-2242.86,-10.29,False,10.02
2025-05-01,Ward 6,Property Rates,COL-021,37522.26,36095.48,397,-1426.78,-3.8,False,90.92
2025-05-01,Ward 7,Beer Hall Levies,COL-028,11928.64,12754.9,291,826.26,6.93,False,43.83
2025-05-01,Ward 7,Business Licenses,COL-027,8801.93,8582.31,59,-219.62,-2.5,False,145.46
2025-05-01,Ward 7,Market Fees,COL-026,24099.13,25165.09,2000,1065.96,4.42,False,12.58
2025-05-01,Ward 7,Property Rates,COL-025,41471.97,42099.71,452,627.74,1.51,False,93.14
2025-05-01,Ward 8,Beer Hall Levies,COL-032,6816.37,5939.92,164,-876.45,-12.86,False,36.22
2025-05-01,Ward 8,Business Licenses,COL-031,5029.68,4833.12,29,-196.56,-3.91,False,166.66
2025-05-01,Ward 8,Market Fees,COL-030,13770.93,11407.15,1300,-2363.78,-17.16,False,8.77
2025-05-01,Ward 8,Property Rates,COL-029,23698.27,22634.47,276,-1063.8,-4.49,False,82.01
2025-06-01,Ward 1,Beer Hall Levies,COL-004,17133.48,17152.98,371,19.5,0.11,False,46.23
2025-06-01,Ward 1,Business Licenses,COL-003,11464.06,10516.39,75,-947.67,-8.27,False,140.22
2025-06-01,Ward 1,Market Fees,COL-002,30269.54,29110.02,2632,-1159.52,-3.83,False,11.06
2025-06-01,Ward 1,Property Rates,COL-001,59463.61,56549.52,680,-2914.09,-4.9,False,83.16
2025-06-01,Ward 2,Beer Hall Levies,COL-008,12997.81,13031.21,301,33.4,0.26,False,43.29
2025-06-01,Ward 2,Business Licenses,COL-007,8696.87,8915.91,62,219.04,2.52,False,143.81
2025-06-01,Ward 2,Market Fees,COL-006,22963.1,23478.22,1999,515.12,2.24,False,11.74
2025-06-01,Ward 2,Property Rates,COL-005,45110.32,41415.62,515,-3694.7,-8.19,False,80.42
2025-06-01,Ward 3,Beer Hall Levies,COL-012,10043.76,9713.52,176,-330.24,-3.29,False,55.19
2025-06-01,Ward 3,Business Licenses,COL-011,6720.31,6452.53,47,-267.78,-3.98,False,137.29
2025-06-01,Ward 3,Market Fees,COL-010,17744.22,16064.34,1439,-1679.88,-9.47,False,11.16
2025-06-01,Ward 3,Property Rates,COL-009,34857.98,34326.96,425,-531.02,-1.52,False,80.77
2025-06-01,Ward 4,Beer Hall Levies,COL-016,14179.43,16579.49,313,2400.06,16.93,False,52.97
2025-06-01,Ward 4,Business Licenses,COL-015,9487.49,8673.8,60,-813.69,-8.58,False,144.56
2025-06-01,Ward 4,Market Fees,COL-014,25050.66,25570.64,2200,519.98,2.08,False,11.62
2025-06-01,Ward 4,Property Rates,COL-013,49211.26,48303.32,598,-907.94,-1.84,False,80.77
2025-06-01,Ward 5,Beer Hall Levies,COL-020,8271.34,8638.43,176,367.09,4.44,False,49.08
2025-06-01,Ward 5,Business Licenses,COL-019,5534.37,4868.67,35,-665.7,-12.03,False,139.1
2025-06-01,Ward 5,Market Fees,COL-018,14612.88,12850.76,1363,-1762.12,-12.06,False,9.43
2025-06-01,Ward 5,Property Rates,COL-017,28706.57,26137.63,353,-2568.94,-8.95,False,74.04
2025-06-01,Ward 6,Beer Hall Levies,COL-024,11225.38,10515.53,226,-709.85,-6.32,False,46.53
2025-06-01,Ward 6,Business Licenses,COL-023,7510.93,7531.44,54,20.51,0.27,False,139.47
2025-06-01,Ward 6,Market Fees,COL-022,19831.77,20357.98,1740,526.21,2.65,False,11.7
2025-06-01,Ward 6,Property Rates,COL-021,38958.92,39063.24,403,104.32,0.27,False,96.93
2025-06-01,Ward 7,Beer Hall Levies,COL-028,12407.0,11843.07,266,-563.93,-4.55,False,44.52
2025-06-01,Ward 7,Business Licenses,COL-027,8301.56,8734.12,50,432.56,5.21,False,174.68
2025-06-01,Ward 7,Market Fees,COL-026,21919.33,20600.17,1698,-1319.16,-6.02,False,12.13
2025-06-01,Ward 7,Property Rates,COL-025,43059.86,41511.12,536,-1548.74,-3.6,False,77.45
2025-06-01,Ward 8,Beer Hall Levies,COL-032,7089.72,6255.5,166,-834.22,-11.77,False,37.68
2025-06-01,Ward 8,Business Licenses,COL-031,4743.75,4242.85,30,-500.9,-10.56,False,141.43
2025-06-01,Ward 8,Market Fees,COL-030,12525.33,11788.52,1089,-736.81,-5.88,False,10.83
2025-06-01,Ward 8,Property Rates,COL-029,24605.63,22534.39,267,-2071.24,-8.42,False,84.4
2025-07-01,Ward 1,Beer Hall Levies,COL-004,16388.6,16984.6,370,596.0,3.64,False,45.9
2025-07-01,Ward 1,Business Licenses,COL-003,17450.51,17428.88,117,-21.63,-0.12,False,148.96
2025-07-01,Ward 1,Market Fees,COL-002,27759.87,29421.86,2437,1661.99,5.99,False,12.07
2025-07-01,Ward 1,Property Rates,COL-001,69231.29,67398.81,766,-1832.48,-2.65,False,87.99
2025-07-01,Ward 2,Beer Hall Levies,COL-008,12432.73,13079.83,285,647.1,5.2,False,45.89
2025-07-01,Ward 2,Business Licenses,COL-007,13238.32,14102.15,81,863.83,6.53,False,174.1
2025-07-01,Ward 2,Market Fees,COL-006,21059.22,18913.35,1797,-2145.87,-10.19,False,10.52
2025-07-01,Ward 2,Property Rates,COL-005,52520.29,53111.64,539,591.35,1.13,False,98.54
2025-07-01,Ward 3,Beer Hall Levies,COL-012,9607.11,9116.9,219,-490.21,-5.1,False,41.63
2025-07-01,Ward 3,Business Licenses,COL-011,10229.61,9718.78,69,-510.83,-4.99,False,140.85
2025-07-01,Ward 3,Market Fees,COL-010,16273.03,16621.06,1379,348.03,2.14,False,12.05
2025-07-01,Ward 3,Property Rates,COL-009,40583.86,38686.11,519,-1897.75,-4.68,False,74.54
2025-07-01,Ward 4,Beer Hall Levies,COL-016,13562.98,14328.51,277,765.53,5.64,False,51.73
2025-07-01,Ward 4,Business Licenses,COL-015,14441.8,14183.55,92,-258.25,-1.79,False,154.17
2025-07-01,Ward 4,Market Fees,COL-014,22973.69,25213.44,2093,2239.75,9.75,False,12.05
2025-07-01,Ward 4,Property Rates,COL-013,57294.86,58420.62,683,1125.76,1.96,False,85.54
2025-07-01,Ward 5,Beer Hall Levies,COL-020,7911.74,8439.79,174,528.05,6.67,False,48.5
2025-07-01,Ward 5,Business Licenses,COL-019,8424.38,7199.63,55,-1224.75,-14.54,False,130.9
2025-07-01,Ward 5,Market Fees,COL-018,13401.32,12143.95,1167,-1257.37,-9.38,False,10.41
2025-07-01,Ward 5,Property Rates,COL-017,33422.0,32197.14,424,-1224.86,-3.66,False,75.94
2025-07-01,Ward 6,Beer Hall Levies,COL-024,10737.36,9874.77,248,-862.59,-8.03,False,39.82
2025-07-01,Ward 6,Business Licenses,COL-023,11433.09,12430.46,76,997.37,8.72,False,163.56
2025-07-01,Ward 6,Market Fees,COL-022,18187.5,18828.31,1472,640.81,3.52,False,12.79
2025-07-01,Ward 6,Property Rates,COL-021,45358.43,42104.36,501,-3254.07,-7.17,False,84.04
2025-07-01,Ward 7,Beer Hall Levies,COL-028,11867.6,12795.01,284,927.41,7.81,False,45.05
2025-07-01,Ward 7,Business Licenses,COL-027,12636.58,14337.08,75,1700.5,13.46,False,191.16
2025-07-01,Ward 7,Market Fees,COL-026,20101.98,20142.49,1690,40.51,0.2,False,11.92
2025-07-01,Ward 7,Property Rates,COL-025,50133.0,46437.23,624,-3695.77,-7.37,False,74.42
2025-07-01,Ward 8,Beer Hall Levies,COL-032,6781.49,6128.42,171,-653.07,-9.63,False,35.84
2025-07-01,Ward 8,Business Licenses,COL-031,7220.9,6621.69,43,-599.21,-8.3,False,153.99
2025-07-01,Ward 8,Market Fees,COL-030,11486.84,11957.16,1090,470.32,4.09,False,10.97
2025-07-01,Ward 8,Property Rates,COL-029,28647.43,25482.18,323,-3165.25,-11.05,False,78.89
2025-08-01,Ward 1,Beer Hall Levies,COL-004,15634.15,16122.7,337,488.55,3.12,False,47.84
2025-08-01,Ward 1,Business Licenses,COL-003,13792.59,14205.11,92,412.52,2.99,False,154.4
2025-08-01,Ward 1,Market Fees,COL-002,26309.83,26880.66,2300,570.83,2.17,False,11.69
2025-08-01,Ward 1,Property Rates,COL-001,64549.37,66736.55,845,2187.18,3.39,False,78.98
2025-08-01,Ward 2,Beer Hall Levies,COL-008,11860.39,12734.26,241,873.87,7.37,False,52.84
2025-08-01,Ward 2,Business Licenses,COL-007,10463.34,9466.74,69,-996.6,-9.52,False,137.2
2025-08-01,Ward 2,Market Fees,COL-006,19959.18,21218.09,1787,1258.91,6.31,False,11.87
2025-08-01,Ward 2,Property Rates,COL-005,48968.49,48710.71,551,-257.78,-0.53,False,88.4
2025-08-01,Ward 3,Beer Hall Levies,COL-012,9164.85,9350.87,196,186.02,2.03,False,47.71
2025-08-01,Ward 3,Business Licenses,COL-011,8085.31,7699.53,56,-385.78,-4.77,False,137.49
2025-08-01,Ward 3,Market Fees,COL-010,15423.0,14387.26,1429,-1035.74,-6.72,False,10.07
2025-08-01,Ward 3,Property Rates,COL-009,37839.28,39978.55,432,2139.27,5.65,False,92.54
2025-08-01,Ward 4,Beer Hall Levies,COL-016,12938.61,12966.32,263,27.71,0.21,False,49.3
2025-08-01,Ward 4,Business Licenses,COL-015,11414.55,9264.35,71,-2150.2,-18.84,False,130.48
2025-08-01,Ward 4,Market Fees,COL-014,21773.65,21681.08,1810,-92.57,-0.43,False,11.98
2025-08-01,Ward 4,Property Rates,COL-013,53420.17,52927.18,586,-492.99,-0.92,False,90.32
2025-08-01,Ward 5,Beer Hall Levies,COL-020,7547.52,6776.78,183,-770.74,-10.21,False,37.03
2025-08-01,Ward 5,Business Licenses,COL-019,6658.49,6789.33,41,130.84,1.97,False,165.59
2025-08-01,Ward 5,Market Fees,COL-018,12701.3,12781.39,1200,80.09,0.63,False,10.65
2025-08-01,Ward 5,Property Rates,COL-017,31161.76,31476.78,360,315.02,1.01,False,87.44
2025-08-01,Ward 6,Beer Hall Levies,COL-024,10243.07,9000.0,210,-1243.07,-12.14,True,42.86
2025-08-01,Ward 6,Business Licenses,COL-023,9036.52,8976.15,55,-60.37,-0.67,False,163.2
2025-08-01,Ward 6,Market Fees,COL-022,17237.47,18513.06,1487,1275.59,7.4,False,12.45
2025-08-01,Ward 6,Property Rates,COL-021,42290.96,42000.1,454,-290.86,-0.69,False,92.51
2025-08-01,Ward 7,Beer Hall Levies,COL-028,11321.28,9819.95,272,-1501.33,-13.26,False,36.1
2025-08-01,Ward 7,Business Licenses,COL-027,9987.74,9672.37,62,-315.37,-3.16,False,156.01
2025-08-01,Ward 7,Market Fees,COL-026,19051.95,17941.27,1458,-1110.68,-5.83,False,12.31
2025-08-01,Ward 7,Property Rates,COL-025,46742.65,46384.48,522,-358.17,-0.77,False,88.86
2025-08-01,Ward 8,Beer Hall Levies,COL-032,6469.31,6121.64,157,-347.67,-5.37,False,38.99
2025-08-01,Ward 8,Business Licenses,COL-031,5707.28,4660.85,38,-1046.43,-18.34,False,122.65
2025-08-01,Ward 8,Market Fees,COL-030,10886.83,10614.66,1032,-272.17,-2.5,False,10.29
2025-08-01,Ward 8,Property Rates,COL-029,26710.08,23704.38,343,-3005.7,-11.25,False,69.11
2025-09-01,Ward 1,Beer Hall Levies,COL-004,13726.22,13418.5,308,-307.72,-2.24,False,43.57
2025-09-01,Ward 1,Business Licenses,COL-003,10853.65,9972.68,66,-880.97,-8.12,False,151.1
2025-09-01,Ward 1,Market Fees,COL-002,25390.08,28075.26,2227,2685.18,10.58,False,12.61
2025-09-01,Ward 1,Property Rates,COL-001,59813.85,60791.99,740,978.14,1.64,False,82.15
2025-09-01,Ward 2,Beer Hall Levies,COL-008,10412.99,11277.9,233,864.91,8.31,False,48.4
2025-09-01,Ward 2,Business Licenses,COL-007,8233.8,7467.78,51,-766.02,-9.3,False,146.43
2025-09-01,Ward 2,Market Fees,COL-006,19261.44,18458.15,1717,-803.29,-4.17,False,10.75
2025-09-01,Ward 2,Property Rates,COL-005,45376.02,45032.5,501,-343.52,-0.76,False,89.89
2025-09-01,Ward 3,Beer Hall Levies,COL-012,8046.4,7768.67,185,-277.73,-3.45,False,41.99
2025-09-01,Ward 3,Business Licenses,COL-011,6362.48,5694.74,45,-667.74,-10.49,False,126.55
2025-09-01,Ward 3,Market Fees,COL-010,14883.84,14235.87,1367,-647.97,-4.35,False,10.41
2025-09-01,Ward 3,Property Rates,COL-009,35063.29,34451.86,413,-611.43,-1.74,False,83.42
2025-09-01,Ward 4,Beer Hall Levies,COL-016,11359.63,11395.54,251,35.91,0.32,False,45.4
2025-09-01,Ward 4,Business Licenses,COL-015,8982.33,8716.05,53,-266.28,-2.96,False,164.45
2025-09-01,Ward 4,Market Fees,COL-014,21012.48,22146.93,1812,1134.45,5.4,False,12.22
2025-09-01,Ward 4,Property Rates,COL-013,49501.12,52241.64,568,2740.52,5.54,False,91.97
2025-09-01,Ward 5,Beer Hall Levies,COL-020,6626.45,6179.73,145,-446.72,-6.74,False,42.62
2025-09-01,Ward 5,Business Licenses,COL-019,5239.69,4813.93,35,-425.76,-8.13,False,137.54
2025-09-01,Ward 5,Market Fees,COL-018,12257.28,10368.73,1211,-1888.55,-15.41,False,8.56
2025-09-01,Ward 5,Property Rates,COL-017,28875.65,27656.56,348,-1219.09,-4.22,False,79.47
2025-09-01,Ward 6,Beer Hall Levies,COL-024,8993.04,8500.0,207,-493.04,-5.48,True,41.06
2025-09-01,Ward 6,Business Licenses,COL-023,7111.01,7816.6,47,705.59,9.92,False,166.31
2025-09-01,Ward 6,Market Fees,COL-022,16634.88,15539.74,1514,-1095.14,-6.58,False,10.26
2025-09-01,Ward 6,Property Rates,COL-021,39188.38,39261.54,470,73.16,0.19,False,83.54
2025-09-01,Ward 7,Beer Hall Levies,COL-028,9939.68,10874.44,222,934.76,9.4,False,48.98
2025-09-01,Ward 7,Business Licenses,COL-027,7859.54,7634.13,53,-225.41,-2.87,False,144.04
2025-09-01,Ward 7,Market Fees,COL-026,18385.92,18916.63,1496,530.71,2.89,False,12.64
2025-09-01,Ward 7,Property Rates,COL-025,43313.48,37329.27,507,-5984.21,-13.82,False,73.63
2025-09-01,Ward 8,Beer Hall Levies,COL-032,5679.81,5231.79,146,-448.02,-7.89,False,35.83
2025-09-01,Ward 8,Business Licenses,COL-031,4491.16,3619.41,29,-871.75,-19.41,False,124.81
2025-09-01,Ward 8,Market Fees,COL-030,10506.24,9391.73,965,-1114.51,-10.61,False,9.73
2025-09-01,Ward 8,Property Rates,COL-029,24750.56,22784.04,275,-1966.52,-7.95,False,82.85
2025-10-01,Ward 1,Beer Hall Levies,COL-004,12657.86,12349.72,292,-308.14,-2.43,False,42.29
2025-10-01,Ward 1,Business Licenses,COL-003,10145.54,9564.52,66,-581.02,-5.73,False,144.92
2025-10-01,Ward 1,Market Fees,COL-002,27791.1,28745.22,2461,954.12,3.43,False,11.68
2025-10-01,Ward 1,Property Rates,COL-001,57583.56,56285.68,727,-1297.88,-2.25,False,77.42
2025-10-01,Ward 2,Beer Hall Levies,COL-008,9602.52,8749.4,217,-853.12,-8.88,False,40.32
2025-10-01,Ward 2,Business Licenses,COL-007,7696.62,6597.36,46,-1099.26,-14.28,False,143.42
2025-10-01,Ward 2,Market Fees,COL-006,21082.9,20852.42,1876,-230.48,-1.09,False,11.12
2025-10-01,Ward 2,Property Rates,COL-005,43684.08,41042.61,480,-2641.47,-6.05,False,85.51
2025-10-01,Ward 3,Beer Hall Levies,COL-012,7420.13,6399.77,165,-1020.36,-13.75,False,38.79
2025-10-01,Ward 3,Business Licenses,COL-011,5947.39,4530.95,44,-1416.44,-23.82,False,102.98
2025-10-01,Ward 3,Market Fees,COL-010,16291.33,15450.28,1480,-841.05,-5.16,False,10.44
2025-10-01,Ward 3,Property Rates,COL-009,33755.88,34092.03,389,336.15,1.0,False,87.64
2025-10-01,Ward 4,Beer Hall Levies,COL-016,10475.47,9964.07,241,-511.4,-4.88,False,41.34
2025-10-01,Ward 4,Business Licenses,COL-015,8396.31,8346.83,54,-49.48,-0.59,False,154.57
2025-10-01,Ward 4,Market Fees,COL-014,22999.53,21903.3,1777,-1096.23,-4.77,False,12.33
2025-10-01,Ward 4,Property Rates,COL-013,47655.36,42949.59,546,-4705.77,-9.87,False,78.66
2025-10-01,Ward 5,Beer Hall Levies,COL-020,6110.69,5797.83,130,-312.86,-5.12,False,44.6
2025-10-01,Ward 5,Business Licenses,COL-019,4897.85,4583.7,31,-314.15,-6.41,False,147.86
2025-10-01,Ward 5,Market Fees,COL-018,13416.39,12890.8,1205,-525.59,-3.92,False,10.7
2025-10-01,Ward 5,Property Rates,COL-017,27798.96,25699.83,319,-2099.13,-7.55,False,80.56
2025-10-01,Ward 6,Beer Hall Levies,COL-024,8293.08,7000.0,166,-1293.08,-15.59,True,42.17
2025-10-01,Ward 6,Business Licenses,COL-023,6647.08,5985.87,40,-661.21,-9.95,False,149.65
2025-10-01,Ward 6,Market Fees,COL-022,18207.96,16642.89,1515,-1565.07,-8.6,False,10.99
2025-10-01,Ward 6,Property Rates,COL-021,37727.16,37963.95,451,236.79,0.63,False,84.18
2025-10-01,Ward 7,Beer Hall Levies,COL-028,9166.04,8480.59,219,-685.45,-7.48,False,38.72
2025-10-01,Ward 7,Business Licenses,COL-027,7346.77,7894.75,46,547.98,7.46,False,171.62
2025-10-01,Ward 7,Market Fees,COL-026,20124.59,19398.69,1677,-725.9,-3.61,False,11.57
2025-10-01,Ward 7,Property Rates,COL-025,41698.44,40916.79,470,-781.65,-1.87,False,87.06
2025-10-01,Ward 8,Beer Hall Levies,COL-032,5237.74,4644.37,122,-593.37,-11.33,False,38.07
2025-10-01,Ward 8,Business Licenses,COL-031,4198.15,4131.33,24,-66.82,-1.59,False,172.14
2025-10-01,Ward 8,Market Fees,COL-030,11499.77,9870.4,1103,-1629.37,-14.17,False,8.95
2025-10-01,Ward 8,Property Rates,COL-029,23827.68,20338.54,280,-3489.14,-14.64,False,72.64
2025-11-01,Ward 1,Beer Hall Levies,COL-004,14759.64,14443.5,321,-316.14,-2.14,False,45.0
2025-11-01,Ward 1,Business Licenses,COL-003,11695.18,13131.57,77,1436.39,12.28,False,170.54
2025-11-01,Ward 1,Market Fees,COL-002,33582.77,33372.76,2883,-210.01,-0.63,False,11.58
2025-11-01,Ward 1,Property Rates,COL-001,53396.91,54292.52,666,895.61,1.68,False,81.52
2025-11-01,Ward 2,Beer Hall Levies,COL-008,11196.97,10379.55,262,-817.42,-7.3,False,39.62
2025-11-01,Ward 2,Business Licenses,COL-007,8872.2,8532.26,56,-339.94,-3.83,False,152.36
2025-11-01,Ward 2,Market Fees,COL-006,25476.58,28031.28,2404,2554.7,10.03,False,11.66
2025-11-01,Ward 2,Property Rates,COL-005,40508.0,43827.67,421,3319.67,8.2,False,104.1
2025-11-01,Ward 3,Beer Hall Levies,COL-012,8652.2,8354.04,202,-298.16,-3.45,False,41.36
2025-11-01,Ward 3,Business Licenses,COL-011,6855.79,6518.84,46,-336.95,-4.91,False,141.71
2025-11-01,Ward 3,Market Fees,COL-010,19686.45,18356.71,1717,-1329.74,-6.75,False,10.69
2025-11-01,Ward 3,Property Rates,COL-009,31301.64,26667.03,427,-4634.61,-14.81,False,62.45
2025-11-01,Ward 4,Beer Hall Levies,COL-016,12214.88,13206.36,278,991.48,8.12,False,47.5
2025-11-01,Ward 4,Business Licenses,COL-015,9678.77,10082.68,61,403.91,4.17,False,165.29
2025-11-01,Ward 4,Market Fees,COL-014,27792.63,26503.58,2280,-1289.05,-4.64,False,11.62
2025-11-01,Ward 4,Property Rates,COL-013,44190.55,39632.78,470,-4557.77,-10.31,False,84.33
2025-11-01,Ward 5,Beer Hall Levies,COL-020,7125.34,6762.58,159,-362.76,-5.09,False,42.53
2025-11-01,Ward 5,Business Licenses,COL-019,5645.95,5361.52,34,-284.43,-5.04,False,157.69
2025-11-01,Ward 5,Market Fees,COL-018,16212.37,13909.64,1623,-2302.73,-14.2,False,8.57
2025-11-01,Ward 5,Property Rates,COL-017,25777.82,23903.83,296,-1873.99,-7.27,False,80.76
2025-11-01,Ward 6,Beer Hall Levies,COL-024,9670.11,7500.0,207,-2170.11,-22.44,True,36.23
2025-11-01,Ward 6,Business Licenses,COL-023,7662.36,8337.56,49,675.2,8.81,False,170.15
2025-11-01,Ward 6,Market Fees,COL-022,22002.5,23901.2,1765,1898.7,8.63,False,13.54
2025-11-01,Ward 6,Property Rates,COL-021,34984.18,35941.41,385,957.23,2.74,False,93.35
2025-11-01,Ward 7,Beer Hall Levies,COL-028,10688.02,9635.19,252,-1052.83,-9.85,False,38.23
2025-11-01,Ward 7,Business Licenses,COL-027,8468.92,8768.83,54,299.91,3.54,False,162.39
2025-11-01,Ward 7,Market Fees,COL-026,24318.55,27300.57,2068,2982.02,12.26,False,13.2
2025-11-01,Ward 7,Property Rates,COL-025,38666.73,36580.71,428,-2086.02,-5.39,False,85.47
2025-11-01,Ward 8,Beer Hall Levies,COL-032,6107.44,5444.31,151,-663.13,-10.86,False,36.06
2025-11-01,Ward 8,Business Licenses,COL-031,4839.38,4775.94,29,-63.44,-1.31,False,164.69
2025-11-01,Ward 8,Market Fees,COL-030,13896.32,13096.13,1284,-800.19,-5.76,False,10.2
2025-11-01,Ward 8,Property Rates,COL-029,22095.27,21451.7,260,-643.57,-2.91,False,82.51
2025-12-01,Ward 1,Beer Hall Levies,COL-004,23582.44,26153.79,505,2571.35,10.9,False,51.79
2025-12-01,Ward 1,Business Licenses,COL-003,13825.21,14905.32,90,1080.11,7.81,False,165.61
2025-12-01,Ward 1,Market Fees,COL-002,41708.68,40772.14,3622,-936.54,-2.25,False,11.26
2025-12-01,Ward 1,Property Rates,COL-001,47868.72,46698.36,568,-1170.36,-2.44,False,82.22
2025-12-01,Ward 2,Beer Hall Levies,COL-008,17890.12,16846.8,380,-1043.32,-5.83,False,44.33
2025-12-01,Ward 2,Business Licenses,COL-007,10488.09,10763.25,62,275.16,2.62,False,173.6
2025-12-01,Ward 2,Market Fees,COL-006,31641.06,32767.33,2609,1126.27,3.56,False,12.56
2025-12-01,Ward 2,Property Rates,COL-005,36314.2,34426.74,381,-1887.46,-5.2,False,90.36
2025-12-01,Ward 3,Beer Hall Levies,COL-012,13824.19,14624.22,292,800.03,5.79,False,50.08
2025-12-01,Ward 3,Business Licenses,COL-011,8104.43,7159.51,56,-944.92,-11.66,False,127.85
2025-12-01,Ward 3,Market Fees,COL-010,24449.91,22434.64,2234,-2015.27,-8.24,False,10.04
2025-12-01,Ward 3,Property Rates,COL-009,28060.98,23728.29,331,-4332.69,-15.44,False,71.69
2025-12-01,Ward 4,Beer Hall Levies,COL-016,19516.5,20541.09,412,1024.59,5.25,False,49.86
2025-12-01,Ward 4,Business Licenses,COL-015,11441.55,10696.45,77,-745.1,-6.51,False,138.91
2025-12-01,Ward 4,Market Fees,COL-014,34517.52,34539.12,2915,21.6,0.06,False,11.85
2025-12-01,Ward 4,Property Rates,COL-013,39615.49,40412.97,467,797.48,2.01,False,86.54
2025-12-01,Ward 5,Beer Hall Levies,COL-020,11384.62,9989.42,268,-1395.2,-12.26,False,37.27
2025-12-01,Ward 5,Business Licenses,COL-019,6674.24,6182.61,42,-491.63,-7.37,False,147.2
2025-12-01,Ward 5,Market Fees,COL-018,20135.22,18558.4,1954,-1576.82,-7.83,False,9.5
2025-12-01,Ward 5,Property Rates,COL-017,23109.04,21300.27,262,-1808.77,-7.83,False,81.3
2025-12-01,Ward 6,Beer Hall Levies,COL-024,15450.56,13184.38,333,-2266.18,-14.67,False,39.59
2025-12-01,Ward 6,Business Licenses,COL-023,9057.9,10688.9,63,1631.0,18.01,False,169.67
2025-12-01,Ward 6,Market Fees,COL-022,27326.37,27387.8,2345,61.43,0.22,False,11.68
2025-12-01,Ward 6,Property Rates,COL-021,31362.27,33908.98,385,2546.71,8.12,False,88.08
2025-12-01,Ward 7,Beer Hall Levies,COL-028,17076.94,15272.04,421,-1804.9,-10.57,False,36.28
2025-12-01,Ward 7,Business Licenses,COL-027,10011.36,9998.54,63,-12.82,-0.13,False,158.71
2025-12-01,Ward 7,Market Fees,COL-026,30202.83,28805.79,2641,-1397.04,-4.63,False,10.91
2025-12-01,Ward 7,Property Rates,COL-025,34663.56,33160.28,421,-1503.28,-4.34,False,78.77
2025-12-01,Ward 8,Beer Hall Levies,COL-032,9758.25,10193.43,247,435.18,4.46,False,41.27
2025-12-01,Ward 8,Business Licenses,COL-031,5720.78,5160.91,36,-559.87,-9.79,False,143.36
2025-12-01,Ward 8,Market Fees,COL-030,17258.76,17617.32,1692,358.56,2.08,False,10.41
2025-12-01,Ward 8,Property Rates,COL-029,19807.75,19346.72,221,-461.03,-2.33,False,87.54
2026-01-01,Ward 1,Beer Hall Levies,COL-004,13765.74,14405.81,321,640.07,4.65,False,44.88
2026-01-01,Ward 1,Business Licenses,COL-003,44683.83,48734.5,301,4050.67,9.07,False,161.91
2026-01-01,Ward 1,Market Fees,COL-002,16459.71,16718.85,1451,259.14,1.57,False,11.52
2026-01-01,Ward 1,Property Rates,COL-001,83255.35,85057.59,1069,1802.24,2.16,False,79.57
2026-01-01,Ward 2,Beer Hall Levies,COL-008,10442.97,10506.6,217,63.63,0.61,False,48.42
2026-01-01,Ward 2,Business Licenses,COL-007,33898.08,28866.68,214,-5031.4,-14.84,False,134.89
2026-01-01,Ward 2,Market Fees,COL-006,12486.68,12406.57,1083,-80.11,-0.64,False,11.46
2026-01-01,Ward 2,Property Rates,COL-005,63159.23,64285.41,686,1126.18,1.78,False,93.71
2026-01-01,Ward 3,Beer Hall Levies,COL-012,8069.57,7138.05,170,-931.52,-11.54,False,41.99
2026-01-01,Ward 3,Business Licenses,COL-011,26193.97,26085.12,180,-108.85,-0.42,False,144.92
2026-01-01,Ward 3,Market Fees,COL-010,9648.79,8057.87,903,-1590.92,-16.49,False,8.92
2026-01-01,Ward 3,Property Rates,COL-009,48804.86,46561.71,636,-2243.15,-4.6,False,73.21
2026-01-01,Ward 4,Beer Hall Levies,COL-016,11392.33,10382.1,266,-1010.23,-8.87,False,39.03
2026-01-01,Ward 4,Business Licenses,COL-015,36979.72,38131.55,229,1151.83,3.11,False,166.51
2026-01-01,Ward 4,Market Fees,COL-014,13621.83,14120.06,1104,498.23,3.66,False,12.79
2026-01-01,Ward 4,Property Rates,COL-013,68900.98,66648.4,823,-2252.58,-3.27,False,80.98
2026-01-01,Ward 5,Beer Hall Levies,COL-020,6645.53,6337.57,158,-307.96,-4.63,False,40.11
2026-01-01,Ward 5,Business Licenses,COL-019,21571.51,19944.91,132,-1626.6,-7.54,False,151.1
2026-01-01,Ward 5,Market Fees,COL-018,7946.07,7328.95,715,-617.12,-7.77,False,10.25
2026-01-01,Ward 5,Property Rates,COL-017,40192.24,38802.42,455,-1389.82,-3.46,False,85.28
2026-01-01,Ward 6,Beer Hall Levies,COL-024,9018.93,8000.0,207,-1018.93,-11.3,True,38.65
2026-01-01,Ward 6,Business Licenses,COL-023,29275.62,28736.45,201,-539.17,-1.84,False,142.97
2026-01-01,Ward 6,Market Fees,COL-022,10783.95,10771.5,935,-12.45,-0.12,False,11.52
2026-01-01,Ward 6,Property Rates,COL-021,54546.61,50453.23,589,-4093.38,-7.5,False,85.66
2026-01-01,Ward 7,Beer Hall Levies,COL-028,9968.29,9086.31,240,-881.98,-8.85,False,37.86
2026-01-01,Ward 7,Business Licenses,COL-027,32357.26,33578.01,217,1220.75,3.77,False,154.74
2026-01-01,Ward 7,Market Fees,COL-026,11919.1,10192.82,1005,-1726.28,-14.48,False,10.14
2026-01-01,Ward 7,Property Rates,COL-025,60288.36,56793.12,700,-3495.24,-5.8,False,81.13
2026-01-01,Ward 8,Beer Hall Levies,COL-032,5696.17,5421.52,138,-274.65,-4.82,False,39.29
2026-01-01,Ward 8,Business Licenses,COL-031,18489.86,18584.26,113,94.4,0.51,False,164.46
2026-01-01,Ward 8,Market Fees,COL-030,6810.91,6007.45,644,-803.46,-11.8,False,9.33
2026-01-01,Ward 8,Property Rates,COL-029,34450.49,32152.65,402,-2297.84,-6.67,False,79.98
2026-02-01,Ward 1,Beer Hall Levies,COL-004,10607.23,10492.18,242,-115.05,-1.08,False,43.36
2026-02-01,Ward 1,Business Licenses,COL-003,27108.45,29016.97,186,1908.52,7.04,False,156.01
2026-02-01,Ward 1,Market Fees,COL-002,18289.57,19636.46,1679,1346.89,7.36,False,11.7
2026-02-01,Ward 1,Property Rates,COL-001,78481.18,81547.93,893,3066.75,3.91,False,91.32
2026-02-01,Ward 2,Beer Hall Levies,COL-008,8046.87,9032.12,172,985.25,12.24,False,52.51
2026-02-01,Ward 2,Business Licenses,COL-007,20565.03,21987.92,133,1422.89,6.92,False,165.32
2026-02-01,Ward 2,Market Fees,COL-006,13874.85,14179.73,1138,304.88,2.2,False,12.46
2026-02-01,Ward 2,Property Rates,COL-005,59537.45,58580.25,634,-957.2,-1.61,False,92.4
2026-02-01,Ward 3,Beer Hall Levies,COL-012,6218.03,6087.89,129,-130.14,-2.09,False,47.19
2026-02-01,Ward 3,Business Licenses,COL-011,15891.16,14147.81,111,-1743.35,-10.97,False,127.46
2026-02-01,Ward 3,Market Fees,COL-010,10721.47,11028.41,1015,306.94,2.86,False,10.87
2026-02-01,Ward 3,Property Rates,COL-009,46006.21,43587.54,549,-2418.67,-5.26,False,79.39
2026-02-01,Ward 4,Beer Hall Levies,COL-016,8778.4,8337.66,200,-440.74,-5.02,False,41.69
2026-02-01,Ward 4,Business Licenses,COL-015,22434.58,23659.02,126,1224.44,5.46,False,187.77
2026-02-01,Ward 4,Market Fees,COL-014,15136.2,16259.52,1276,1123.32,7.42,False,12.74
2026-02-01,Ward 4,Property Rates,COL-013,64949.94,67822.14,721,2872.2,4.42,False,94.07
2026-02-01,Ward 5,Beer Hall Levies,COL-020,5120.73,4489.23,114,-631.5,-12.33,False,39.38
2026-02-01,Ward 5,Business Licenses,COL-019,13086.84,12671.39,82,-415.45,-3.17,False,154.53
2026-02-01,Ward 5,Market Fees,COL-018,8829.45,8304.27,794,-525.18,-5.95,False,10.46
2026-02-01,Ward 5,Property Rates,COL-017,37887.47,31662.25,433,-6225.22,-16.43,False,73.12
2026-02-01,Ward 6,Beer Hall Levies,COL-024,6949.57,5894.52,153,-1055.05,-15.18,False,38.53
2026-02-01,Ward 6,Business Licenses,COL-023,17760.71,17471.65,116,-289.06,-1.63,False,150.62
2026-02-01,Ward 6,Market Fees,COL-022,11982.82,12099.89,1084,117.07,0.98,False,11.16
2026-02-01,Ward 6,Property Rates,COL-021,51418.7,52942.77,587,1524.07,2.96,False,90.19
2026-02-01,Ward 7,Beer Hall Levies,COL-028,7681.1,7171.54,194,-509.56,-6.63,False,36.97
2026-02-01,Ward 7,Business Licenses,COL-027,19630.25,18395.83,131,-1234.42,-6.29,False,140.43
2026-02-01,Ward 7,Market Fees,COL-026,13244.17,14286.7,1195,1042.53,7.87,False,11.96
2026-02-01,Ward 7,Property Rates,COL-025,56831.2,53269.38,666,-3561.82,-6.27,False,79.98
2026-02-01,Ward 8,Beer Hall Levies,COL-032,4389.2,3915.69,105,-473.51,-10.79,False,37.29
2026-02-01,Ward 8,Business Licenses,COL-031,11217.29,9971.2,74,-1246.09,-11.11,False,134.75
2026-02-01,Ward 8,Market Fees,COL-030,7568.1,6996.62,743,-571.48,-7.55,False,9.42
2026-02-01,Ward 8,Property Rates,COL-029,32474.97,30911.38,364,-1563.59,-4.81,False,84.92
2026-03-01,Ward 1,Beer Hall Levies,COL-004,10078.05,9505.16,238,-572.89,-5.68,False,39.94
2026-03-01,Ward 1,Business Licenses,COL-003,19550.15,21911.86,135,2361.71,12.08,False,162.31
2026-03-01,Ward 1,Market Fees,COL-002,24748.65,26119.26,2213,1370.61,5.54,False,11.8
2026-03-01,Ward 1,Property Rates,COL-001,74967.18,81148.05,831,6180.87,8.24,False,97.65
2026-03-01,Ward 2,Beer Hall Levies,COL-008,7645.42,7058.17,168,-587.25,-7.68,False,42.01
2026-03-01,Ward 2,Business Licenses,COL-007,14831.15,14951.4,103,120.25,0.81,False,145.16
2026-03-01,Ward 2,Market Fees,COL-006,18774.84,18805.42,1562,30.58,0.16,False,12.04
2026-03-01,Ward 2,Property Rates,COL-005,56871.66,57308.57,613,436.91,0.77,False,93.49
2026-03-01,Ward 3,Beer Hall Levies,COL-012,5907.82,5357.5,132,-550.32,-9.32,False,40.59
2026-03-01,Ward 3,Business Licenses,COL-011,11460.43,9013.33,81,-2447.1,-21.35,False,111.28
2026-03-01,Ward 3,Market Fees,COL-010,14507.83,13122.17,1211,-1385.66,-9.55,False,10.84
2026-03-01,Ward 3,Property Rates,COL-009,43946.28,40650.83,543,-3295.45,-7.5,False,74.86
2026-03-01,Ward 4,Beer Hall Levies,COL-016,8340.45,8128.71,203,-211.74,-2.54,False,40.04
2026-03-01,Ward 4,Business Licenses,COL-015,16179.44,14931.06,108,-1248.38,-7.72,False,138.25
2026-03-01,Ward 4,Market Fees,COL-014,20481.64,11308.26,1616,-9173.38,-44.79,False,7.0
2026-03-01,Ward 4,Property Rates,COL-013,62041.81,59706.58,722,-2335.23,-3.76,False,82.7
2026-03-01,Ward 5,Beer Hall Levies,COL-020,4865.27,4453.31,104,-411.96,-8.47,False,42.82
2026-03-01,Ward 5,Business Licenses,COL-019,9438.01,7674.64,64,-1763.37,-18.68,False,119.92
2026-03-01,Ward 5,Market Fees,COL-018,11947.63,10526.02,1146,-1421.61,-11.9,False,9.19
2026-03-01,Ward 5,Property Rates,COL-017,36191.05,34988.22,447,-1202.83,-3.32,False,78.27
2026-03-01,Ward 6,Beer Hall Levies,COL-024,6602.86,6500.0,147,-102.86,-1.56,True,44.22
2026-03-01,Ward 6,Business Licenses,COL-023,12808.72,12106.8,74,-701.92,-5.48,False,163.61
2026-03-01,Ward 6,Market Fees,COL-022,16214.63,15084.34,1418,-1130.29,-6.97,False,10.64
2026-03-01,Ward 6,Property Rates,COL-021,49116.43,51034.3,562,1917.87,3.9,False,90.81
2026-03-01,Ward 7,Beer Hall Levies,COL-028,7297.9,8267.26,181,969.36,13.28,False,45.68
2026-03-01,Ward 7,Business Licenses,COL-027,14157.01,13927.59,96,-229.42,-1.62,False,145.08
2026-03-01,Ward 7,Market Fees,COL-026,17921.44,18890.92,1453,969.48,5.41,False,13.0
2026-03-01,Ward 7,Property Rates,COL-025,54286.58,54454.75,646,168.17,0.31,False,84.3
2026-03-01,Ward 8,Beer Hall Levies,COL-032,4170.23,4164.75,101,-5.48,-0.13,False,41.24
2026-03-01,Ward 8,Business Licenses,COL-031,8089.72,8129.43,51,39.71,0.49,False,159.4
2026-03-01,Ward 8,Market Fees,COL-030,10240.82,9178.27,941,-1062.55,-10.38,False,9.75
2026-03-01,Ward 8,Property Rates,COL-029,31020.9,29018.08,352,-2002.82,-6.46,False,82.44
2026-04-01,Ward 1,Beer Hall Levies,COL-004,15207.78,16311.47,338,1103.69,7.26,False,48.26
2026-04-01,Ward 1,Business Licenses,COL-003,15009.92,15784.68,99,774.76,5.16,False,159.44
2026-04-01,Ward 1,Market Fees,COL-002,34195.15,34378.52,3241,183.37,0.54,False,10.61
2026-04-01,Ward 1,Property Rates,COL-001,64799.92,66140.16,761,1340.24,2.07,False,86.91
2026-04-01,Ward 2,Beer Hall Levies,COL-008,11536.93,10888.19,231,-648.74,-5.62,False,47.14
2026-04-01,Ward 2,Business Licenses,COL-007,11386.83,10895.3,69,-491.53,-4.32,False,157.9
2026-04-01,Ward 2,Market Fees,COL-006,25941.15,24171.16,2231,-1769.99,-6.82,False,10.83
2026-04-01,Ward 2,Property Rates,COL-005,49158.56,51440.36,560,2281.8,4.64,False,91.86
2026-04-01,Ward 3,Beer Hall Levies,COL-012,8914.9,8558.5,196,-356.4,-4.0,False,43.67
2026-04-01,Ward 3,Business Licenses,COL-011,8798.92,7376.14,59,-1422.78,-16.17,False,125.02
2026-04-01,Ward 3,Market Fees,COL-010,20045.44,17800.29,1786,-2245.15,-11.2,False,9.97
2026-04-01,Ward 3,Property Rates,COL-009,37986.16,35109.55,442,-2876.61,-7.57,False,79.43
2026-04-01,Ward 4,Beer Hall Levies,COL-016,12585.75,12626.58,279,40.83,0.32,False,45.26
2026-04-01,Ward 4,Business Licenses,COL-015,12422.0,13412.08,82,990.08,7.97,False,163.56
2026-04-01,Ward 4,Market Fees,COL-014,28299.44,14233.77,2197,-14065.67,-49.7,False,6.48
2026-04-01,Ward 4,Property Rates,COL-013,53627.52,53276.34,600,-351.18,-0.65,False,88.79
2026-04-01,Ward 5,Beer Hall Levies,COL-020,7341.69,6959.76,160,-381.93,-5.2,False,43.5
2026-04-01,Ward 5,Business Licenses,COL-019,7246.17,6975.03,47,-271.14,-3.74,False,148.4
2026-04-01,Ward 5,Market Fees,COL-018,16508.01,17428.69,1509,920.68,5.58,False,11.55
2026-04-01,Ward 5,Property Rates,COL-017,31282.72,29644.57,362,-1638.15,-5.24,False,81.89
2026-04-01,Ward 6,Beer Hall Levies,COL-024,9963.72,9000.0,234,-963.72,-9.67,True,38.46
2026-04-01,Ward 6,Business Licenses,COL-023,9834.08,9290.75,62,-543.33,-5.52,False,149.85
2026-04-01,Ward 6,Market Fees,COL-022,22403.72,23425.46,1996,1021.74,4.56,False,11.74
2026-04-01,Ward 6,Property Rates,COL-021,42455.12,44874.54,457,2419.42,5.7,False,98.19
2026-04-01,Ward 7,Beer Hall Levies,COL-028,11012.53,12785.58,286,1773.05,16.1,False,44.7
2026-04-01,Ward 7,Business Licenses,COL-027,10869.25,30106.13,83,19236.88,176.98,False,362.72
2026-04-01,Ward 7,Market Fees,COL-026,24762.01,24953.33,1877,191.32,0.77,False,13.29
2026-04-01,Ward 7,Property Rates,COL-025,46924.08,44506.43,519,-2417.65,-5.15,False,85.75
2026-04-01,Ward 8,Beer Hall Levies,COL-032,6292.87,5831.14,151,-461.73,-7.34,False,38.62
2026-04-01,Ward 8,Business Licenses,COL-031,6211.0,5550.53,40,-660.47,-10.63,False,138.76
2026-04-01,Ward 8,Market Fees,COL-030,14149.72,14425.62,1282,275.9,1.95,False,11.25
2026-04-01,Ward 8,Property Rates,COL-029,26813.76,24584.86,309,-2228.9,-8.31,False,79.56
2026-05-01,Ward 1,Beer Hall Levies,COL-004,17698.87,17364.66,388,-334.21,-1.89,False,44.75
2026-05-01,Ward 1,Business Licenses,COL-003,12751.5,11627.09,90,-1124.41,-8.82,False,129.19
2026-05-01,Ward 1,Market Fees,COL-002,36185.43,35722.01,3043,-463.42,-1.28,False,11.74
2026-05-01,Ward 1,Property Rates,COL-001,61167.16,64558.79,751,3391.63,5.54,False,85.96
2026-05-01,Ward 2,Beer Hall Levies,COL-008,13426.73,13111.45,293,-315.28,-2.35,False,44.75
2026-05-01,Ward 2,Business Licenses,COL-007,9673.55,10315.25,59,641.7,6.63,False,174.83
2026-05-01,Ward 2,Market Fees,COL-006,27451.01,24367.81,2301,-3083.2,-11.23,False,10.59
2026-05-01,Ward 2,Property Rates,COL-005,46402.67,45183.33,493,-1219.34,-2.63,False,91.65
2026-05-01,Ward 3,Beer Hall Levies,COL-012,10375.2,9525.9,216,-849.3,-8.19,False,44.1
2026-05-01,Ward 3,Business Licenses,COL-011,7475.02,6932.28,52,-542.74,-7.26,False,133.31
2026-05-01,Ward 3,Market Fees,COL-010,21212.15,20537.53,1759,-674.62,-3.18,False,11.68
2026-05-01,Ward 3,Property Rates,COL-009,35856.61,35231.17,451,-625.44,-1.74,False,78.12
2026-05-01,Ward 4,Beer Hall Levies,COL-016,14647.34,12352.88,347,-2294.46,-15.66,False,35.6
2026-05-01,Ward 4,Business Licenses,COL-015,10552.97,12004.59,68,1451.62,13.76,False,176.54
2026-05-01,Ward 4,Market Fees,COL-014,29946.56,17164.16,2732,-12782.4,-42.68,False,6.28
2026-05-01,Ward 4,Property Rates,COL-013,50621.1,47669.08,566,-2952.02,-5.83,False,84.22
2026-05-01,Ward 5,Beer Hall Levies,COL-020,8544.28,7221.67,178,-1322.61,-15.48,False,40.57
2026-05-01,Ward 5,Business Licenses,COL-019,6155.9,5368.25,39,-787.65,-12.8,False,137.65
2026-05-01,Ward 5,Market Fees,COL-018,17468.83,16716.1,1681,-752.73,-4.31,False,9.94
2026-05-01,Ward 5,Property Rates,COL-017,29528.97,28282.97,331,-1246.0,-4.22,False,85.45
2026-05-01,Ward 6,Beer Hall Levies,COL-024,11595.81,10500.0,259,-1095.81,-9.45,True,40.54
2026-05-01,Ward 6,Business Licenses,COL-023,8354.43,8005.51,56,-348.92,-4.18,False,142.96
2026-05-01,Ward 6,Market Fees,COL-022,23707.69,24393.43,2073,685.74,2.89,False,11.77
2026-05-01,Ward 6,Property Rates,COL-021,40075.04,39805.07,450,-269.97,-0.67,False,88.46
2026-05-01,Ward 7,Beer Hall Levies,COL-028,12816.42,11572.84,310,-1243.58,-9.7,False,37.33
2026-05-01,Ward 7,Business Licenses,COL-027,9233.85,9101.19,63,-132.66,-1.44,False,144.46
2026-05-01,Ward 7,Market Fees,COL-026,26203.24,26011.9,2168,-191.34,-0.73,False,12.0
2026-05-01,Ward 7,Property Rates,COL-025,44293.46,43072.63,533,-1220.83,-2.76,False,80.81
2026-05-01,Ward 8,Beer Hall Levies,COL-032,7323.67,6185.4,169,-1138.27,-15.54,False,36.6
2026-05-01,Ward 8,Business Licenses,COL-031,5276.48,4983.08,30,-293.4,-5.56,False,166.1
2026-05-01,Ward 8,Market Fees,COL-030,14973.28,11939.5,1378,-3033.78,-20.26,False,8.66
2026-05-01,Ward 8,Property Rates,COL-029,25310.55,24143.77,301,-1166.78,-4.61,False,80.21
2026-06-01,Ward 1,Beer Hall Levies,COL-004,18408.63,19534.16,413,1125.53,6.11,False,47.3
2026-06-01,Ward 1,Business Licenses,COL-003,12026.6,11294.33,75,-732.27,-6.09,False,150.59
2026-06-01,Ward 1,Market Fees,COL-002,32912.4,32429.25,2873,-483.15,-1.47,False,11.29
2026-06-01,Ward 1,Property Rates,COL-001,63509.13,63980.34,841,471.21,0.74,False,76.08
2026-06-01,Ward 2,Beer Hall Levies,COL-008,13965.16,14293.53,307,328.37,2.35,False,46.56
2026-06-01,Ward 2,Business Licenses,COL-007,9123.63,9196.26,56,72.63,0.8,False,164.22
2026-06-01,Ward 2,Market Fees,COL-006,24968.03,25717.15,2170,749.12,3.0,False,11.85
2026-06-01,Ward 2,Property Rates,COL-005,48179.34,45442.83,542,-2736.51,-5.68,False,83.84
2026-06-01,Ward 3,Beer Hall Levies,COL-012,10791.26,9983.02,243,-808.24,-7.49,False,41.08
2026-06-01,Ward 3,Business Licenses,COL-011,7050.08,7046.0,47,-4.08,-0.06,False,149.91
2026-06-01,Ward 3,Market Fees,COL-010,19293.47,19399.01,1589,105.54,0.55,False,12.21
2026-06-01,Ward 3,Property Rates,COL-009,37229.49,37037.74,505,-191.75,-0.52,False,73.34
2026-06-01,Ward 4,Beer Hall Levies,COL-016,15234.72,16859.94,344,1625.22,10.67,False,49.01
2026-06-01,Ward 4,Business Licenses,COL-015,9953.05,10139.75,61,186.7,1.88,False,166.23
2026-06-01,Ward 4,Market Fees,COL-014,27237.85,12713.34,2364,-14524.51,-53.32,False,5.38
2026-06-01,Ward 4,Property Rates,COL-013,52559.28,56353.63,540,3794.35,7.22,False,104.36
2026-06-01,Ward 5,Beer Hall Levies,COL-020,8886.92,8394.79,193,-492.13,-5.54,False,43.5
2026-06-01,Ward 5,Business Licenses,COL-019,5805.94,5053.07,38,-752.87,-12.97,False,132.98
2026-06-01,Ward 5,Market Fees,COL-018,15888.74,13153.28,1501,-2735.46,-17.22,False,8.76
2026-06-01,Ward 5,Property Rates,COL-017,30659.58,27506.38,371,-3153.2,-10.28,False,74.14
2026-06-01,Ward 6,Beer Hall Levies,COL-024,12060.82,10500.0,265,-1560.82,-12.94,True,39.62
2026-06-01,Ward 6,Business Licenses,COL-023,7879.5,7763.43,50,-116.07,-1.47,False,155.27
2026-06-01,Ward 6,Market Fees,COL-022,21563.3,20969.27,1810,-594.03,-2.75,False,11.59
2026-06-01,Ward 6,Property Rates,COL-021,41609.43,41471.91,495,-137.52,-0.33,False,83.78
2026-06-01,Ward 7,Beer Hall Levies,COL-028,13330.38,14895.33,330,1564.95,11.74,False,45.14
2026-06-01,Ward 7,Business Licenses,COL-027,8708.92,8314.86,58,-394.06,-4.52,False,143.36
2026-06-01,Ward 7,Market Fees,COL-026,23833.12,22789.4,1934,-1043.72,-4.38,False,11.78
2026-06-01,Ward 7,Property Rates,COL-025,45989.37,46049.65,531,60.28,0.13,False,86.72
2026-06-01,Ward 8,Beer Hall Levies,COL-032,7617.36,7413.85,187,-203.51,-2.67,False,39.65
2026-06-01,Ward 8,Business Licenses,COL-031,4976.52,4358.91,32,-617.61,-12.41,False,136.22
2026-06-01,Ward 8,Market Fees,COL-030,13618.92,11341.51,1271,-2277.41,-16.72,False,8.92
2026-06-01,Ward 8,Property Rates,COL-029,26279.64,23726.83,298,-2552.81,-9.71,False,79.62
